residue,resname,resSeq,R,n_bridging_frames,mean_HA_dist_A,std_HA_dist_A,mean_HA_dist_ligand_A,mean_HA_dist_residue_A,strong,stable,significant
TYR58,TYR,58,-0.0375,951,2.427,0.666,3.116,3.304,True,False,False
ALA59,ALA,59,0.065,34,3.821,0.817,5.216,3.947,False,False,False
ILE62,ILE,62,0.0002,3,4.638,0.83,5.557,5.813,False,False,False
LEU83,LEU,83,0.1054,57,3.662,1.197,4.819,11.253,False,False,False
LEU87,LEU,87,0.0186,166,6.698,8.464,9.717,15.769,False,False,False
PRO88,PRO,88,-0.0278,513,3.708,3.891,5.613,7.287,False,False,False
ALA89,ALA,89,-0.0344,537,3.253,3.11,4.356,8.522,False,False,False
MET92,MET,92,0.169,599,3.665,1.567,5.384,9.107,False,False,False
VAL110,VAL,110,-0.1338,604,3.478,2.939,5.05,8.07,False,False,False
HIS115,HIS,115,-0.0139,927,2.386,0.853,4.634,2.923,True,False,False
ARG116,ARG,116,-0.0002,22,3.071,1.138,4.047,9.266,False,False,False
VAL117,VAL,117,-0.0199,311,2.833,5.225,7.197,4.304,False,False,False
LEU120,LEU,120,0.0939,294,3.227,1.428,4.371,7.308,False,False,False
THR122,THR,122,-0.0491,739,2.457,0.701,3.214,3.313,True,False,False
ILE159,ILE,159,-0.0778,576,2.694,2.874,6.895,3.961,False,False,False
MET160,MET,160,0.3949,189,4.367,8.02,7.068,7.282,False,False,False
GLY163,GLY,163,0.2155,488,2.998,0.618,6.517,3.21,False,False,False
ILE164,ILE,164,0.1381,609,3.24,2.873,3.641,10.206,False,False,False
