res_id,residue,res_name,res_seq,chain,D,W,I,R,dominant
123,THR124,THR,124,<mdtraj.core.topology.Chain object at 0x147f56bd59d0>,0.1975,0.8585,0.8666,-0.5424,False
57,TYR58,TYR,58,<mdtraj.core.topology.Chain object at 0x147f56bd59d0>,0.2885,0.8954,0.9208,-0.4721,False
158,TYR159,TYR,159,<mdtraj.core.topology.Chain object at 0x147f56bd59d0>,0.2777,0.7672,0.8223,-0.3853,False
87,PRO88,PRO,88,<mdtraj.core.topology.Chain object at 0x147f56bd59d0>,0.3045,0.672,0.757,-0.2849,False
90,THR91,THR,91,<mdtraj.core.topology.Chain object at 0x147f56bd59d0>,0.0034,0.2839,0.285,-0.2782,False
93,VAL94,VAL,94,<mdtraj.core.topology.Chain object at 0x147f56bd59d0>,0.0073,0.2781,0.283,-0.2684,False
114,HIS115,HIS,115,<mdtraj.core.topology.Chain object at 0x147f56bd59d0>,0.54,0.9122,0.9578,-0.2455,False
159,VAL160,VAL,160,<mdtraj.core.topology.Chain object at 0x147f56bd59d0>,0.0103,0.197,0.2048,-0.1845,False
61,ILE62,ILE,62,<mdtraj.core.topology.Chain object at 0x147f56bd59d0>,0.0831,0.2664,0.3245,-0.1701,False
80,LEU81,LEU,81,<mdtraj.core.topology.Chain object at 0x147f56bd59d0>,0.1258,0.3141,0.3891,-0.1666,False
109,VAL110,VAL,110,<mdtraj.core.topology.Chain object at 0x147f56bd59d0>,0.1873,0.3628,0.4757,-0.1517,False
142,TYR143,TYR,143,<mdtraj.core.topology.Chain object at 0x147f56bd59d0>,0.0046,0.1482,0.152,-0.1428,False
116,LEU117,LEU,117,<mdtraj.core.topology.Chain object at 0x147f56bd59d0>,0.6659,0.846,0.9491,-0.113,False
83,ILE84,ILE,84,<mdtraj.core.topology.Chain object at 0x147f56bd59d0>,0.0,0.0952,0.0952,-0.0952,False
86,LEU87,LEU,87,<mdtraj.core.topology.Chain object at 0x147f56bd59d0>,0.2283,0.3216,0.4773,-0.081,False
119,LEU120,LEU,120,<mdtraj.core.topology.Chain object at 0x147f56bd59d0>,0.3122,0.3798,0.5728,-0.0559,False
88,ALA89,ALA,89,<mdtraj.core.topology.Chain object at 0x147f56bd59d0>,0.5135,0.57,0.7676,-0.04,False
166,VAL167,VAL,167,<mdtraj.core.topology.Chain object at 0x147f56bd59d0>,0.3156,0.3589,0.57,-0.0366,False
58,LEU59,LEU,59,<mdtraj.core.topology.Chain object at 0x147f56bd59d0>,0.6576,0.6547,0.8812,0.002,False
121,TRP122,TRP,122,<mdtraj.core.topology.Chain object at 0x147f56bd59d0>,0.9928,0.9523,0.9997,0.0208,False
140,GLN141,GLN,141,<mdtraj.core.topology.Chain object at 0x147f56bd59d0>,0.8145,0.5816,0.9773,0.1631,False
91,ALA92,ALA,92,<mdtraj.core.topology.Chain object at 0x147f56bd59d0>,0.649,0.3709,0.7672,0.2092,False
163,ILE164,ILE,164,<mdtraj.core.topology.Chain object at 0x147f56bd59d0>,0.7,0.2561,0.7753,0.3599,False
82,VAL83,VAL,83,<mdtraj.core.topology.Chain object at 0x147f56bd59d0>,0.7836,0.3116,0.8497,0.3662,False
162,PHE163,PHE,163,<mdtraj.core.topology.Chain object at 0x147f56bd59d0>,0.9058,0.3852,0.9364,0.3776,False
60,PHE61,PHE,61,<mdtraj.core.topology.Chain object at 0x147f56bd59d0>,0.877,0.3098,0.9086,0.4343,False
